State,Total Revenue
CA,64561206.20246343
TX,50789346.614992246
FL,43885062.742508985
PA,28370075.16002306
NY,27500452.29751974
OH,26932302.60001766
IL,25541807.550013848
MI,18623073.26249977
NC,17859322.267497458
WI,17596199.03999798
